author_of_book,title_of_book,cover_type,new_price,old_price,stock_availability
G. T. Karber,Murdle,Paperback,£14.99,,In stock online
David Grann,The Wager,Paperback,  £8.99,£10.99,In stock online
Gabrielle Zevin,Tomorrow…,Paperback,  £8.49,£9.99,In stock online
Richard Osman,The Last Devil…,Hardback,  £11.00,£22.00,In stock online
Alice Oseman,Heartstopper…,Paperback,  £10.99,£12.99,In stock online
Rory Stewart,Politics On the…,Hardback,  £18.99,£22.00,In stock online
Rebecca Yarros,Iron Flame,Hardback,  £11.00,£22.00,In stock online
Bonnie Garmus,Lessons in…,Paperback,  £7.99,£9.99,In stock online
Katherine Rundell,Impossible…,Hardback,£14.99,,In stock online
Hannah Kaner,Godkiller,Paperback,  £8.49,£9.99,In stock online
Guinness World Records Limited,Guinness…,Hardback,  £16.99,£22.00,In stock online
Jo Callaghan,In The Blink…,Paperback,  £8.49,£9.99,In stock online
Ian Hislop,Private Eye…,Hardback,  £6.49,£12.99,In stock online
Britney Spears,The Woman in…,Hardback,  £12.50,£25.00,In stock online
Jeff Kinney,Diary of a…,Hardback,  £7.49,£14.99,In stock online
Bob Mortimer,The Satsuma…,Paperback,  £7.99,£9.99,In stock online
Kay Allinson,Pinch of Nom…,Hardback,  £11.00,£22.00,In stock online
Matthew Perry,Friends…,Hardback,  £20.99,£25.00,In stock online
Paul Lynch,Prophet Song,Hardback,£16.99,,In stock online
Cecile Pin,Wandering Souls,Paperback,  £8.49,£9.99,In stock online
Robert Galbraith,The Running…,Hardback,  £12.50,£25.00,In stock online
Rebecca Yarros,Fourth Wing,Hardback,£20.00,,In stock online
David Mitchell,Unruly,Hardback,  £20.99,£25.00,In stock online
Satoshi Yagisawa,Days at the…,Paperback,  £9.49,£10.99,In stock online
Jamie Oliver,5 Ingredients…,Hardback,  £14.00,£28.00,In stock online
David Walliams,The Blunders,Hardback,  £7.49,£14.99,In stock online
Barbara Kingsolver,Demon…,Paperback,  £8.49,£9.99,In stock online
Toshikazu Kawaguchi,Before the…,Paperback,£9.99,,In stock online
Sarah J. Maas,A Court of…,Paperback,£8.99,,In stock online
Monica Heisey,Really Good…,Paperback,  £8.49,£9.99,In stock online
R.F. Kuang,Babel,Paperback,  £8.49,£9.99,In stock online
LEGO CO LTD,LEGO®…,Toy,£3.75,,In stock online
Nathan Anthony,Bored of…,Hardback,  £10.00,£20.00,In stock online
Hannah Kaner,Godkiller,Paperback,£9.99,,
Hannah Grace,Icebreaker,Paperback,  £7.99,£9.99,In stock online
Richard Osman,The Bullet…,Paperback,  £7.99,£9.99,In stock online
Suzanne Collins,The Ballad of…,Paperback,  £7.49,£8.99,In stock online
Jamie Smart,Bunny vs…,Hardback,  £9.99,£12.99,In stock online
Harlan Coben,I Will Find You,Paperback,  £8.49,£9.99,In stock online
Maggie O'Farrell,The Marriage…,Paperback,  £7.99,£9.99,In stock online
James O'Brien,How They…,Hardback,  £16.99,£20.00,In stock online
Claire Keegan,Antarctica,Paperback,  £8.49,£9.99,In stock online
Hanya Yanagihara,A Little Life,Paperback,£10.99,,In stock online
Lee Child,In Too Deep,Hardback,£22.00,,Pre-order
Stephanie Garber,Spectacular,Hardback,£16.99,,Pre-order
Rebecca Ross,Ruthless Vows,Hardback,£14.99,,In stock online
Lee Child,The Secret,Hardback,  £11.00,£22.00,In stock online
Jay Kristoff,Empire of the…,Hardback,£22.00,,
Richard Osman,The Thursday…,Paperback,  £7.99,£9.99,In stock online
James Clear,Atomic Habits,Paperback,£17.99,,In stock online
Laura Nowlin,If He Had…,Paperback,  £7.49,£8.99,In stock online
Museums And Gallerie,Under The…,Bookmark,£1.99,,In stock online
Claire Keegan,Small Things…,Paperback,  £7.49,£8.99,In stock online
Rebecca Yarros,Fourth Wing,Hardback,£20.00,,
Tom Hindle,The Murder…,Paperback,  £7.99,£9.99,In stock online
Billy Connolly,Rambling Man,Hardback,  £12.50,£25.00,In stock online
Suzanne Collins,Deluxe…,Hardback,£69.99,,Pre-order
Steven Bartlett,The Diary of a…,Hardback,  £14.99,£20.00,In stock online
Holly Jackson,A Good Girl's…,Paperback,  £6.99,£8.99,In stock online
Taylor Jenkins Reid,The Seven…,Paperback,£9.99,,In stock online
Stephanie Garber,A Curse For…,Hardback,  £9.49,£18.99,In stock online
Donna Tartt,The Secret…,Paperback,£9.99,,In stock online
Ian McEwan,Lessons,Paperback,  £7.99,£9.99,In stock online
Laurie Gilmore,The Pumpkin…,Paperback,  £8.49,£9.99,In stock online
Erin Kelly,The Skeleton…,Paperback,  £7.99,£9.99,In stock online
Kate Atkinson,Shrines of…,Paperback,  £8.49,£9.99,In stock online
Rebecca Ross,Divine Rivals,Hardback,  £13.99,£16.99,In stock online
Tim Marshall,The Future of…,Paperback,  £8.49,£9.99,In stock online
R.F. Kuang,Yellowface,Hardback,£16.99,,In stock online
Sarah J. Maas,House of…,Hardback,  £18.99,£22.00,Pre-order
Alice Winn,In Memoriam,Hardback,  £7.49,£14.99,
Mat Baynton,GHOSTS: The…,Hardback,  £16.99,£20.00,In stock online
Julia Donaldson,The Baddies,Paperback,  £6.49,£7.99,In stock online
G. T. Karber,Murdle: More…,Paperback,  £12.99,£14.99,In stock online
Coco Mellors,Cleopatra and…,Paperback,  £8.49,£9.99,In stock online
Judi Dench,Shakespeare,Hardback,  £12.50,£25.00,In stock online
Colleen Hoover,It Ends With Us,Paperback,  £7.99,£9.99,In stock online
Hannah Grace,Wildfire,Paperback,  £8.49,£9.99,In stock online
Leigh Bardugo,The Familiar,Hardback,£20.00,,Pre-order
Jeffrey Eugenides,The Virgin…,Paperback,  £8.99,£9.99,In stock online
Rick Riordan,Wrath of the…,Hardback,£16.99,,Pre-order
Terry Pratchett,A Stroke of…,Hardback,  £15.99,£20.00,In stock online
Stephanie Garber,Once Upon A…,Paperback,£9.99,,In stock online
Mary Berry,Mary Makes it…,Hardback,  £21.99,£28.00,In stock online
Richard Osman,The Last Devil…,Hardback,£22.00,,
Sarah J. Maas,House of…,Hardback,£22.00,,
Joanna Quinn,The…,Paperback,  £8.49,£9.99,In stock online
Thomas Erikson,Surrounded by…,Paperback,£10.99,,In stock online
Jeremy Clarkson,Diddly Squat:…,Hardback,  £11.00,£22.00,In stock online
Roald Dahl,Wonka,Paperback,£7.99,,In stock online
Lauren Roberts,Powerless,Paperback,  £8.49,£9.99,In stock online
Robert Harris,Act of Oblivion,Paperback,  £7.99,£9.99,In stock online
Tim Spector,Food for Life,Paperback,  £10.99,£12.99,In stock online
Arnold Schwarzenegger,Be Useful,Hardback,  £10.00,£20.00,In stock online
Peter Kay,T.V.,Hardback,  £12.50,£25.00,In stock online
Sally Rooney,Normal People,Paperback,  £7.99,£9.99,In stock online
Chris Broad,Abroad in Japan,Hardback,£16.99,,In stock online
Nathan Anthony,Bored of…,Hardback,  £18.99,£20.00,In stock online
Paul Murray,The Bee Sting,Hardback,£18.99,,In stock online
Barbra Streisand,My Name is…,Hardback,  £17.50,£35.00,In stock online
Colleen Hoover,It Starts with Us,Paperback,  £7.99,£9.99,In stock online
Suzanne Collins,The Hunger…,Paperback,£8.99,,In stock online
Ana Huang,Twisted Love,Paperback,£9.99,,In stock online
Winning Moves INT,Waddingtons…,Game,£2.99,,In stock online
Peter May,A Winter Grave,Paperback,  £7.99,£9.99,In stock online
Sylvia Plath,The Bell Jar,Paperback,£9.99,,In stock online
Lia Leendertz,The Almanac,Hardback,£12.99,,In stock online
Professor Noel Fitzpatrick,Keira & Me,Hardback,  £9.49,£18.99,In stock online
Ian Rankin,A Heart Full…,Paperback,  £7.99,£9.99,In stock online
Sarah J. Maas,House of…,Hardback,£22.00,,
C. J. Tudor,The Drift,Paperback,  £7.49,£8.99,In stock online
Poppy O'Toole,Poppy Cooks:…,Hardback,£20.00,,In stock online
Georgia Summers,The City of…,Hardback,£20.00,,
Rick Riordan,Percy Jackson…,Hardback,  £12.99,£16.99,In stock online
Lee Child,The Secret,Hardback,  £11.00,£22.00,Click & Collect only
Katy Hays,The Cloisters,Paperback,  £7.49,£8.99,In stock online
Jamie Smart,Bunny vs…,Hardback,  £6.49,£12.99,In stock online
Richard Osman,The Man Who…,Paperback,  £7.99,£9.99,In stock online
Susie Dent,Interesting…,Hardback,£14.99,,In stock online
Stephen King,Holly,Hardback,  £12.50,£25.00,In stock online
Lauren Roberts,Powerful,Paperback,£8.99,,Pre-order
Beth Lincoln,The Swifts,Paperback,  £6.49,£7.99,In stock online
Michael Palin,Great-Uncle…,Hardback,  £11.00,£22.00,In stock online
Mary Beard,Emperor of…,Hardback,  £15.00,£30.00,In stock online
Dawn French,The Twat Files,Hardback,  £17.99,£22.00,In stock online
Dolly Alderton,Good Material,Hardback,  £15.99,£18.99,In stock online
Stuart Broad,Broadly…,Hardback,  £18.99,£25.00,In stock online
Pan Macmillan,Match Annual…,Hardback,  £2.99,£9.99,In stock online
David McCloskey,Damascus…,Paperback,  £8.49,£9.99,In stock online
Joe Wicks,Feel Good in 15,Hardback,  £11.00,£22.00,In stock online
Olivie Blake,The Atlas…,Hardback,  £20.00,£22.00,In stock online
Claire Keegan,So Late in the…,Hardback,£8.99,,In stock online
Lucy Worsley,Agatha Christie,Paperback,  £8.99,£10.99,In stock online
Jo Nesbo,Killing Moon,Paperback,  £7.99,£9.99,In stock online
Madeline Miller,The Song of…,Paperback,£9.99,,In stock online
Anthony Doerr,All the Light…,Paperback,£9.99,,In stock online
Museums And Gallerie,Almond…,Bookmark,£1.99,,In stock online
Agatha Christie Ltd,The World of…,Jigsaw,£16.99,,In stock online
Richard Coles,Murder Before…,Paperback,  £7.99,£9.99,In stock online
Chris van Tulleken,…,Hardback,  £17.99,£22.00,In stock online
D.C.Thomson & Co Ltd,Beano Annual…,Hardback,£11.99,,Click & Collect only
Julia Donaldson,Dormouse Has…,Board book,£7.99,,In stock online
Sarah J. Maas,A Court of…,Paperback,£8.99,,In stock online
David Grann,Killers of the…,Paperback,  £7.99,£9.99,In stock online
Alex Michaelides,The Silent…,Paperback,£9.99,,In stock online
Dr Hernan Diaz,Trust,Paperback,  £8.49,£9.99,In stock online
Jonathan Coe,Bournville,Paperback,  £8.49,£9.99,In stock online
Philippa Gregory,Normal Women,Hardback,  £12.50,£25.00,In stock online
Tess Gunty,The Rabbit…,Paperback,  £4.99,£9.99,In stock online
Sarah J. Maas,House of…,Paperback,  £8.49,£9.99,In stock online
Tom Fletcher,A…,Hardback,  £7.49,£14.99,In stock online
J. K. Rowling,Harry Potter…,Paperback,£7.99,,In stock online
S. G. MacLean,The…,Paperback,£9.99,,In stock online
Terry Hayes,The Year of…,Hardback,  £18.99,£22.00,In stock online
Natalie Haynes,Stone Blind,Paperback,  £8.49,£9.99,In stock online
Hester Musson,The Beholders,Hardback,£16.99,,
Dolly Alderton,Everything I…,Paperback,£10.99,,In stock online
Alan Connor,The Traitors,Hardback,  £10.00,£20.00,In stock online
Asmodee UK,Monopoly…,Game,£6.99,,In stock online
J. K. Rowling,The Harry…,Hardback,  £23.99,£30.00,In stock online
William Boyd,The Romantic,Paperback,  £7.99,£9.99,In stock online
Kathleen Glasgow,Girl in Pieces,Paperback,  £6.99,£8.99,In stock online
Baek Sehee,I Want to Die…,Paperback,  £8.49,£9.99,In stock online
Raynor Winn,Landlines,Paperback,  £8.99,£10.99,In stock online
Alasdair Gray,Poor Things,Paperback,£9.99,,In stock online
Travis Baldree,Legends &…,Paperback,  £8.49,£9.99,In stock online
Viz Magazine,Viz Annual…,Hardback,  £10.99,£13.99,In stock online
Toshikazu Kawaguchi,Before Your…,Paperback,  £8.49,£9.99,In stock online
Dav Pilkey,Cat Kid Comic…,Hardback,  £9.99,£12.99,In stock online
Rob Burrow,With You…,Hardback,  £5.00,£10.00,In stock online
Hannah Kaner,Sunbringer,Hardback,£16.99,,
Tom Fletcher,The Dinosaur…,Paperback,£7.99,,In stock online
Asmodee,Agatha…,Game,£14.99,,In stock online
Elizabeth Strout,Lucy by the Sea,Paperback,  £8.49,£9.99,In stock online
The Original Candy C,Natural Candy…,General merchandise,£1.70,,Click & Collect only
Dr Michael Mosley,Just One Thing,Paperback,  £8.49,£9.99,In stock online
Patrick Stewart,Making It So,Hardback,  £12.50,£25.00,In stock online
Freida McFadden,The Housemaid,Paperback,£9.99,,In stock online
Holly Jackson,Five Survive,Paperback,  £7.49,£8.99,In stock online
Agatha Christie Ltd,The World of…,Game,£16.99,,In stock online
Lee Child,No Plan B,Paperback,  £7.99,£9.99,In stock online
Legami,Cat Erasable Pen,General merchandise,£1.99,,In stock online
Mick Herron,Slow Horses,Paperback,£9.99,,In stock online
Katherine Rundell,Impossible…,Hardback,£14.99,,
Robert Galbraith,The Ink Black…,Paperback,  £7.99,£9.99,In stock online
Wine Box Co Ltd,Waterstones…,General merchandise,£5.99,,In stock online
LEGO CO LTD,Lego Marvel…,Toy,£3.75,,
Hiro Arikawa,The Goodbye…,Paperback,  £8.99,£10.99,In stock online
Janice Hallett,The Christmas…,Hardback,  £6.49,£12.99,In stock online
Hafsah Faizal,A Tempest of Tea,Hardback,£16.99,,Pre-order
Jessie Burton,The House of…,Paperback,  £8.49,£9.99,In stock online
James Blunt,Loosely Based…,Hardback,  £17.99,£20.00,In stock online
Lauren Roberts,Reckless,Paperback,£9.99,,Pre-order
Bella Mackie,How to Kill…,Paperback,£9.99,,In stock online
Tahereh Mafi,Shatter Me,Hardback,£16.99,,
Sam Milner,The Complete…,Hardback,  £15.99,£20.00,In stock online
Jennifer Lynn Barnes,The…,Paperback,£8.99,,In stock online
Evie Woods,The Lost…,Paperback,£8.99,,In stock online
Jennifer Saint,Atalanta,Paperback,  £8.49,£9.99,In stock online
Colleen Hoover,Verity,Paperback,£9.99,,In stock online
Stephanie Garber,The Ballad of…,Paperback,  £8.49,£9.99,In stock online
Mojang AB,Minecraft…,Hardback,£9.99,,In stock online
Casey McQuiston,"Red, White &…",Paperback,  £7.49,£8.99,In stock online
Charlie Mackesy,"The Boy, the…",Hardback,  £15.99,£20.00,In stock online
Miriam Margolyes,Oh Miriam!,Hardback,  £12.50,£25.00,In stock online
Marcus Aurelius,Meditations,Paperback,£8.99,,In stock online
Boy George,Karma,Hardback,  £11.00,£22.00,In stock online
John Grisham,The Exchange,Hardback,  £11.00,£22.00,In stock online
Big Potato,Kluster,Game,£19.99,,
Alex Aster,Lightlark,Paperback,  £7.49,£8.99,In stock online
Rick Rubin,The Creative Act,Hardback,  £20.99,£25.00,In stock online
Levy Rozman,How to Win…,Hardback,  £10.00,£20.00,In stock online
Matt Haig,The Midnight…,Paperback,  £7.99,£9.99,In stock online
Rick Riordan,Percy Jackson…,Paperback,£8.99,,In stock online
Billy Connolly,Rambling Man,Hardback,  £12.50,£25.00,In stock online
Louise Kennedy,Trespasses,Paperback,  £7.49,£8.99,In stock online
M. L. Rio,If We Were…,Paperback,  £8.99,£9.99,In stock online
Peter Pauper Press,Beaded…,Bookmark,£3.99,,In stock online
Morgan Housel,The…,Paperback,£14.99,,In stock online
Fern Brady,Strong Female…,Paperback,  £9.49,£10.99,In stock online
Bessel van der Kolk,The Body…,Paperback,£12.99,,In stock online
Katherine Rundell,The Golden…,Paperback,  £8.99,£10.99,In stock online
Julia Donaldson,Squirrel's…,Board book,£6.99,,In stock online
Frank Herbert,Dune,Paperback,£9.99,,In stock online
Cara Hunter,Murder in the…,Paperback,  £7.49,£8.99,In stock online
Sarah J. Maas,A Court of…,Paperback,£8.99,,In stock online
Eleanor Catton,Birnam Wood,Paperback,  £8.49,£9.99,Pre-order
Samantha Shannon,A Day of…,Paperback,  £8.49,£9.99,In stock online
Ella Mills,Deliciously…,Hardback,  £16.99,£22.00,In stock online
Jeremy Bowen,The Making of…,Paperback,  £9.49,£10.99,In stock online
Janice Hallett,The…,Paperback,  £7.99,£9.99,In stock online
Martin MacInnes,In Ascension,Paperback,  £8.49,£9.99,In stock online
Katie Kirby,The…,Hardback,  £7.49,£14.99,In stock online
Michiko Aoyama,What You Are…,Hardback,£12.99,,In stock online
D.C.Thomson & Co Ltd,The Broons…,Paperback,  £2.99,£11.99,In stock online
Tim Marshall,Prisoners of…,Paperback,£9.99,,In stock online
Tahereh Mafi,Shatter Me,Paperback,£8.99,,In stock online
Ottessa Moshfegh,My Year of…,Paperback,£9.99,,In stock online
Robert Hardman,Charles III,Hardback,  £18.99,£22.00,In stock online
Gillian McAllister,Wrong Place…,Paperback,  £8.99,£9.99,In stock online
Shehan Karunatilaka,The Seven…,Paperback,  £8.49,£9.99,In stock online
Julia Donaldson,What the…,Paperback,£7.99,,In stock online
Sarah J. Maas,House of Sky…,Paperback,  £8.49,£9.99,In stock online
Tim Peake,Space,Hardback,  £11.00,£22.00,In stock online
Stephanie Garber,Caraval,Paperback,£9.99,,In stock online
Karen M. McManus,One Of Us Is…,Paperback,  £6.99,£8.99,In stock online
Holly Jackson,Good Girl…,Paperback,£8.99,,In stock online
Neil Gaiman,Good Omens,Paperback,£9.99,,In stock online
Chris Kamara,Kammy,Hardback,  £11.00,£22.00,In stock online
Peter Ross,Steeple Chasing,Paperback,  £8.99,£10.99,In stock online
Donna Ashworth,Wild Hope,Hardback,  £6.49,£12.99,In stock online
Jen Beagin,Big Swiss,Paperback,  £8.49,£9.99,In stock online
Saara El-Arifi,Faebound,Hardback,£16.99,,
Mona Awad,Bunny,Paperback,£9.99,,In stock online
Madeline Miller,Circe,Paperback,£9.99,,In stock online
Ryan Holiday,The Daily Stoic,Paperback,£10.99,,In stock online
Sir David Attenborough,The Life of Birds,Hardback,£25.00,,
Ken Follett,The Armour of…,Hardback,  £12.50,£25.00,In stock online
Katie Kirby,Lottie…,Paperback,  £6.49,£7.99,In stock online
Kazuo Ishiguro,Never Let Me…,Paperback,£9.99,,In stock online
Goalhanger Podcasts,The Rest is…,Hardback,  £9.49,£18.99,In stock online
Mick Herron,Bad Actors,Paperback,£9.99,,In stock online
Museums And Gallerie,Aerial…,Bookmark,£1.99,,In stock online
Saara El-Arifi,Faebound,Hardback,  £14.99,£16.99,In stock online
Sarah J. Maas,A Court of…,Paperback,  £8.49,£9.99,In stock online
Ripley,Ripley’s…,Hardback,  £11.00,£22.00,In stock online
Jilly Cooper,Tackle!,Hardback,  £11.00,£22.00,In stock online
Lisa Jewell,The Family…,Paperback,  £8.49,£9.99,In stock online
Driver & Vehicle Standards Agency,The Official…,Paperback,£4.99,,In stock online
Adrian Edmondson,Berserker!,Hardback,  £11.00,£22.00,In stock online
Heather Fawcett,Emily Wilde's…,Paperback,  £8.49,£9.99,In stock online
Walter Isaacson,Elon Musk,Hardback,  £14.00,£28.00,In stock online
Tatsuki Fujimoto,Chainsaw Man…,Paperback,£8.99,,In stock online
Stephen King,Fairy Tale,Paperback,  £7.99,£9.99,In stock online
Guy Shrubsole,The Lost…,Paperback,  £9.49,£10.99,In stock online
David Walliams,The World's…,Hardback,  £7.49,£14.99,In stock online
Rashid I. Khalidi,The Hundred…,Paperback,£10.99,,In stock online
Wine Box Co,Waterstones…,General merchandise,£5.99,,In stock online
Alexandra Benedict,Murder On…,Paperback,  £8.49,£9.99,In stock online
Agatha Christie,Marple:…,Paperback,  £7.99,£9.99,In stock online
Saara El-Arifi,Faebound,Hardback,£16.99,,
Victoria Hislop,The Figurine,Hardback,  £12.50,£25.00,In stock online
Museums And Gallerie,I Love Books -…,Bookmark,£1.99,,
Kia Abdullah,Those People…,Paperback,  £8.49,£9.99,In stock online
Matt Pritchett,The Best of…,Paperback,  £4.49,£8.99,In stock online
Holly Jackson,As Good As…,Paperback,£8.99,,In stock online
Jonathan Freedland,The Escape…,Paperback,  £8.49,£9.99,In stock online
Dr Janina Ramirez,Femina,Paperback,  £9.49,£12.99,In stock online
Holly Jackson,A Good Girl’s…,Hardback,£16.99,,In stock online
Clare Andrews,The Ultimate…,Hardback,  £14.99,£20.00,In stock online
Matthew Richardson,The Scarlet…,Paperback,£8.99,,In stock online
Bret Easton Ellis,American…,Paperback,£9.99,,In stock online
Eric Carle,The Very…,Board book,£7.99,,In stock online
Bea Fitzgerald,"Girl, Goddess…",Paperback,  £7.49,£8.99,In stock online
,MINI METAL…,Other merchandise,£1.99,,In stock online
Ana Huang,Twisted Games,Paperback,£9.99,,In stock online
Hwang Bo-reum,Welcome to…,Hardback,£14.99,,In stock online
Ana Huang,King of Greed,Paperback,  £7.99,£9.99,In stock online
Ali Hazelwood,Check & Mate,Paperback,  £8.49,£9.99,In stock online
Callum McSorley,Squeaky Clean,Paperback,  £8.49,£9.99,In stock online
Nadine Dorries,The Plot,Hardback,  £19.99,£25.00,In stock online
Samantha Shannon,The Priory of…,Paperback,£10.99,,In stock online
Claire Keegan,Foster,Paperback,£8.99,,In stock online
Adam Kay,Kay’s…,Hardback,  £11.99,£14.99,In stock online
Stephanie Garber,A Curse For…,Hardback,£18.99,,
Cormac McCarthy,The Passenger,Paperback,  £8.49,£9.99,In stock online
Alasdair Gray,Poor Things,Paperback,£9.99,,In stock online
Stuart MacBride,The Dead of…,Paperback,  £7.99,£9.99,In stock online
Martha Mumford,We're Going…,Paperback,£7.99,,In stock online
Sarah J. Maas,A Court of…,Paperback,£8.99,,In stock online
Rachel Gillig,One Dark…,Paperback,£10.99,,In stock online
V. E. Schwab,The Fragile…,Hardback,£18.99,,
Liz Pichon,Tom Gates 21:…,Hardback,  £6.49,£12.99,In stock online
Legami,Dino Erasable…,General merchandise,£1.99,,In stock online
Chloe Walsh,Binding 13,Paperback,£10.99,,In stock online
Martina Cole,Loyalty,Hardback,  £12.50,£25.00,In stock online
Philippa Perry,The Book You…,Hardback,  £9.49,£18.99,In stock online
Museums And Gallerie,Europe…,Bookmark,£1.99,,In stock online
Adam Kay,Undoctored,Paperback,  £7.99,£9.99,In stock online
Rick Stein,Rick Stein's…,Hardback,  £22.99,£28.00,In stock online
Stephanie Garber,Once Upon A…,Hardback,£18.99,,
Katie Kirby,The Extremely…,Paperback,£7.99,,In stock online
Katherine Arden,The Warm…,Hardback,£18.99,,
Cassandra Clare,Sword Catcher,Hardback,  £11.00,£22.00,In stock online
Monty Don,The Gardening…,Hardback,  £28.00,£30.00,In stock online
Christopher Paolini,Murtagh,Hardback,£25.00,,In stock online
Legami,Panda…,General merchandise,£1.99,,In stock online
Diana Wynne Jones,Howl’s…,Paperback,£7.99,,In stock online
Greg Loades,The…,Hardback,  £4.99,£9.99,In stock online
Lynn Painter,Better Than…,Paperback,£8.99,,In stock online
Jamie Smart,Bunny vs…,Paperback,£9.99,,In stock online
Olivie Blake,The Atlas Six,Paperback,£9.99,,In stock online
Pokémon,Pokemon…,Hardback,£9.99,,In stock online
Min Jin Lee,Pachinko,Paperback,£8.99,,In stock online
Costanza Casati,Clytemnestra,Paperback,  £7.49,£8.99,In stock online
Hayley Dean,How to Make…,Hardback,  £18.99,£22.00,In stock online
Margaret Atwood,The…,Paperback,£9.99,,In stock online
Robin Stevens,Murder Most…,Paperback,£7.99,,In stock online
Tom Kerridge,Pub Kitchen,Hardback,  £13.50,£27.00,In stock online
Paulo Coelho,The Alchemist,Paperback,£9.99,,In stock online
Robert Hardman,Charles III,Hardback,£22.00,,
Vex King,Good Vibes…,Paperback,£12.99,,In stock online
Kai Bird,American…,Paperback,  £10.99,£12.99,In stock online
Delia Owens,Where the…,Paperback,  £7.99,£9.99,In stock online
Carlo Rovelli,White Holes,Hardback,  £7.49,£14.99,In stock online
Lucy Clarke,The Hike,Paperback,  £7.49,£8.99,In stock online
Frances White,Voyage of the…,Hardback,£18.99,,In stock online
Suzanne Collins,Catching Fire,Paperback,£8.99,,In stock online
Jeffrey Archer,Traitors Gate,Hardback,  £11.00,£22.00,In stock online
Holly Black,The Cruel…,Paperback,£8.99,,In stock online
Anthony Horowitz,The Twist of a…,Paperback,  £8.49,£9.99,In stock online
Charlotte Vassell,The Other Half,Paperback,  £8.49,£9.99,In stock online
Jeff Kinney,Diary of a…,Paperback,  £6.49,£7.99,In stock online
Dolly Alderton,Dear Dolly,Paperback,  £7.99,£9.99,In stock online
Haruki Murakami,Norwegian Wood,Paperback,£9.99,,In stock online
Bettany Hughes,The Seven…,Hardback,  £20.99,£25.00,In stock online
Rosie Hewlett,Medea,Hardback,£16.99,,Pre-order
Rowland White,Mosquito,Hardback,  £10.00,£20.00,In stock online
Julia Donaldson,Tabby McTat,Paperback,£7.99,,In stock online
Dav Pilkey,Dog Man,Paperback,£9.99,,In stock online
Ed Yong,An Immense…,Paperback,  £8.99,£10.99,In stock online
Emily Henry,Funny Story,Hardback,£18.99,,
Sarah J. Maas,Throne of Glass,Paperback,£8.99,,In stock online
Ginger Fox,The Traitors…,Game,£11.99,,In stock online
David Walliams,Spaceboy,Paperback,  £6.49,£7.99,In stock online
Bob Mortimer,And Away...,Paperback,£9.99,,In stock online
Maggie O'Farrell,Hamnet,Paperback,£9.99,,In stock online
Sue Hendra,Supertato:…,Paperback,  £6.49,£7.99,In stock online
Robert Greene,The 48 Laws…,Paperback,£18.99,,In stock online
100% Unofficial,100%…,Hardback,£9.99,,In stock online
Jordan Moore,Interesting…,Paperback,£10.90,,In stock online
Holly Jackson,The…,Hardback,£14.99,,Pre-order
Jeff Kinney,Diary of a…,Paperback,  £6.49,£7.99,In stock online
Rebecca Thorne,Can't Spell…,Hardback,£22.00,,Pre-order
The Soure Wholesale,Super Bounce…,Toy,£6.99,,In stock online
Osamu Dazai,No Longer…,Paperback,£10.99,,In stock online
Lee Child,Bad Luck And…,Paperback,£9.99,,In stock online
Georgi Gospodinov,Time Shelter,Paperback,£9.99,,In stock online
Benjamin Zephaniah,The Life and…,Paperback,£10.99,,In stock online
Professor Brian Cox,Black Holes,Paperback,  £9.49,£10.99,In stock online
Asmodee,Dobble Connect,Game,£14.99,,In stock online
Colleen Hoover,Ugly Love,Paperback,  £7.49,£8.99,In stock online
Raynor Winn,The Salt Path,Paperback,£10.99,,In stock online
J. K. Rowling,Harry Potter…,Paperback,£7.99,,In stock online
Ana Huang,King of Wrath,Paperback,  £8.49,£9.99,In stock online
Travis Baldree,Bookshops &…,Hardback,£18.99,,In stock online
Chris Miller,Chip War,Paperback,  £9.49,£10.99,In stock online
Sophie Hannah,Hercule…,Hardback,  £11.00,£22.00,In stock online
Ben Macintyre,Colditz,Paperback,  £9.49,£10.99,In stock online
Robert Greene,The Concise…,Paperback,£9.99,,In stock online
Toshikazu Kawaguchi,Tales from the…,Paperback,£9.99,,In stock online
Roberto Firmino,SÍ SEÑOR,Hardback,  £15.99,£22.00,In stock online
Alan Rickman,"Madly, Deeply",Paperback,  £10.99,£12.99,In stock online
Rachel Bright,The…,Paperback,  £6.49,£7.99,In stock online
Dr. Seuss,How the…,Paperback,£7.99,,In stock online
Alan Partridge,Alan…,Hardback,  £12.50,£25.00,In stock online
Olivie Blake,The Atlas…,Paperback,  £8.49,£9.99,In stock online
Hype Associates,Happy…,Cards,£2.99,,In stock online
Elif Shafak,The Island of…,Paperback,£9.99,,In stock online
Lauren Roberts,Powerless,Paperback,£9.99,,In stock online
Tom Hindle,Murder on…,Hardback,  £14.99,£16.99,In stock online
James Norbury,The Cat Who…,Hardback,  £9.49,£18.99,In stock online
Legami,Bunny…,General merchandise,£1.99,,In stock online
Ruth Jones,Love Untold,Paperback,  £7.99,£9.99,In stock online
Terry Hayes,I Am Pilgrim,Paperback,£9.99,,In stock online
Lemn Sissay,Let the Light…,Hardback,  £6.49,£12.99,
Hannah Gold,The Last Bear,Paperback,£7.99,,In stock online
Crawford henderson,Waterstones…,Bookmark,£4.99,,In stock online
George Orwell,Nineteen…,Paperback,£8.99,,In stock online
Hafsah Faizal,A Tempest of Tea,Hardback,£16.99,,Pre-order
Storm Dunlop,Night Sky…,Hardback,£9.99,,In stock online
Alex Michaelides,The Fury,Hardback,  £9.49,£18.99,Pre-order
Julia Donaldson,Tabby McTat…,Paperback,£7.99,,In stock online
Allan Ahlberg,The Jolly…,Hardback,£12.99,,In stock online
Tom Fletcher,There's a…,Paperback,  £6.49,£7.99,In stock online
Peter Pauper Press,Beaded…,Bookmark,£3.99,,In stock online
Ana Huang,Twisted Hate,Paperback,£9.99,,In stock online
Museums And Gallerie,Dinosaurs…,Bookmark,£1.99,,In stock online
William Hanson,Help I S*xted…,Hardback,  £10.00,£20.00,In stock online
Museums And Gallerie,Marc…,Bookmark,£1.99,,In stock online
Sofia Coppola,Archive,Paperback,£55.00,,In stock online
Amor Towles,A Gentleman…,Paperback,£9.99,,In stock online
Matt Goodfellow,The Final Year,Paperback,  £7.49,£8.99,In stock online
Ed Winters,How to Argue…,Hardback,£16.99,,In stock online
Ali Novak,My Life with…,Paperback,  £7.49,£8.99,In stock online
Rod Campbell,Dear Zoo,Board book,£7.99,,In stock online
Raven Kennedy,Goldfinch,Hardback,£20.00,,Pre-order
Gift Republic,Tarot Cards,General merchandise,£4.99,,In stock online
Jenny Han,The Summer I…,Paperback,£8.99,,In stock online
John Mullan,The World of…,Game,£16.99,,In stock online
Leigh Bardugo,Six of Crows,Paperback,£8.99,,In stock online
Julia Donaldson,The Gruffalo,Board book,  £6.49,£7.99,In stock online
Seicho Matsumoto,Tokyo Express,Paperback,£9.99,,In stock online
Julia Donaldson,Stick Man,Paperback,£7.99,,In stock online
Michael Connelly,Resurrection…,Hardback,  £11.00,£22.00,In stock online
ESDEVIUM GAMES LTD,Dobble,Toy,£13.99,,In stock online
R.F. Kuang,The Poppy War,Paperback,£9.99,,In stock online
Match of the Day Magazine,Match of the…,Hardback,£8.99,,
Rebecca Yarros,Fourth Wing,Paperback,£9.99,,Pre-order
Liz Pichon,Tom Gates 20:…,Paperback,  £6.49,£7.99,In stock online
Ana Huang,Twisted Lies,Paperback,£9.99,,In stock online
Sarah Winman,Still Life,Paperback,£8.99,,In stock online
Daniel Kahneman,"Thinking, Fast…",Paperback,£12.99,,In stock online
Paris Fury,How Does She…,Hardback,  £11.00,£22.00,In stock online
Hairy Bikers,The Hairy…,Hardback,  £12.50,£25.00,In stock online
Mensun Bound,The Ship…,Paperback,  £9.49,£10.99,In stock online
Keycraft,Small Light…,Toy,£3.99,,In stock online
Susan Lewis,I Know It’s You,Paperback,£9.99,,In stock online
David Mitchell,Unruly,Hardback,£25.00,,
Suzanne Collins,The Ballad of…,Paperback,  £7.49,£8.99,In stock online
Mike Bannister,Concorde,Paperback,  £9.49,£10.99,In stock online
Louisa May Alcott,Little Women,Hardback,£16.99,,In stock online
Richard Powers,Bewilderment,Paperback,  £4.99,£9.99,In stock online
Jane Austen,Pride and…,Hardback,£16.99,,In stock online
Adalyn Grace,Wisteria,Hardback,£20.00,,Pre-order
University Games,5 Second Rule…,Game,£10.99,,In stock online
Jordan B. Peterson,12 Rules for Life,Paperback,£10.99,,In stock online
David Baldacci,Simply Lies,Paperback,  £8.49,£9.99,In stock online
M. J. Arlidge,Eye for An Eye,Paperback,£9.99,,In stock online
Keycraft,Gooey Mesh…,Toy,£3.99,,In stock online
Judith Kerr,The Tiger…,Paperback,£7.99,,In stock online
Celia Fremlin,Uncle Paul,Paperback,£9.99,,In stock online
Nathan Anthony,Bored of…,Hardback,  £12.99,£18.99,In stock online
Makoto Shinkai,She and her Cat,Paperback,  £7.49,£8.99,In stock online
Randall Munroe,What If?2,Paperback,  £9.49,£10.99,In stock online
Heather Fawcett,Emily Wilde's…,Hardback,£20.00,,In stock online
John Grisham,The Boys from…,Paperback,£9.99,,In stock online
Bernard Cornwell,Sharpe's…,Hardback,  £11.00,£22.00,In stock online
Crawford henderson,Waterstones…,Bookmark,£4.99,,In stock online
Leah Williamson,The Wonder…,Paperback,£6.99,,In stock online
Taylor Jenkins Reid,Carrie Soto Is…,Paperback,  £7.99,£9.99,In stock online
Patrick Worrall,The Partisan,Paperback,£9.99,,In stock online
Gibson Hanson Graphics,Girl With Red…,Cards,£2.99,,In stock online
Vivid Imaginations,The Traitors…,Game,£26.99,,In stock online
Jamie Smart,Bunny vs…,Paperback,  £7.99,£9.99,In stock online
Stuart Turton,The Last…,Hardback,£20.00,,Pre-order
Storm Dunlop,2024 Guide to…,Paperback,£6.99,,In stock online
Alice Walker,The Color Purple,Paperback,£9.99,,In stock online
Wendy Cope,The Orange…,Hardback,£8.99,,In stock online
Carissa Broadbent,The Serpent…,Hardback,£22.00,,In stock online
Legami,Elephant…,General merchandise,£1.99,,In stock online
Rod Campbell,Dear Santa,Board book,£7.99,,In stock online
Madeline Miller,Circe,Hardback,£20.00,,In stock online
Ottessa Moshfegh,Lapvona,Paperback,£9.99,,In stock online
Judith Kerr,The Tiger…,Board book,£7.99,,In stock online
Alice Oseman,Heartstopper…,Paperback,£10.99,,In stock online
Bridget Collins,The Winter…,Hardback,  £14.99,£16.99,In stock online
Vex King,The Greatest…,Hardback,  £16.99,£22.00,In stock online
Elena Ferrante,My Brilliant…,Paperback,£9.99,,In stock online
Sayaka Murata,Convenience…,Paperback,£9.99,,In stock online
Markus Zusak,The Book Thief,Paperback,£8.99,,In stock online
Tinc,Spy Pen,General merchandise,£3.99,,In stock online
Bluey,Bluey: The…,Hardback,£8.99,,In stock online
Yuval Noah Harari,Sapiens,Paperback,£12.99,,In stock online
Suzanne Collins,Mockingjay,Paperback,£8.99,,In stock online
Caroline Criado-Perez,Invisible Women,Paperback,£10.99,,In stock online
Tom Fletcher,The…,Paperback,£7.99,,In stock online
Sheila Hancock,Old Rage,Paperback,  £7.99,£9.99,In stock online
Roald Dahl,Charlie and…,Paperback,£7.99,,In stock online
Joanna Quinn,The…,Paperback,£9.99,,
Legami,Piggy Erasable…,General merchandise,£1.99,,In stock online
Patrick Rothfuss,The Narrow…,Hardback,  £9.49,£18.99,In stock online
House of Marbles,Squish A Saurus,Toy,£5.99,,In stock online
Sarina Wiegman,What It Takes,Hardback,  £11.00,£22.00,In stock online
Taylor Jenkins Reid,Daisy Jones…,Paperback,  £7.99,£9.99,In stock online
Patricia Cornwell,Unnatural Death,Hardback,  £11.00,£22.00,In stock online
Simon Sebag Montefiore,The World,Paperback,  £13.99,£16.99,In stock online
Peter Robinson,Standing in…,Paperback,  £8.49,£9.99,In stock online
Colleen Hoover,Too Late,Paperback,  £7.99,£9.99,In stock online
J. K. Rowling,Harry Potter…,Paperback,£7.99,,In stock online
Julia Bradbury,Walk Yourself…,Hardback,  £10.00,£20.00,In stock online
Tim Marshall,The Power of…,Paperback,£9.99,,In stock online
Katherine Rundell,Impossible…,Hardback,£14.99,,
Andy Griffiths,The…,Hardback,  £6.49,£12.99,In stock online
Keycraft,Clockwork…,Toy,£3.99,,In stock online
Eric Hill,Where's Spot?,Board book,£7.99,,In stock online
David Grann,The Wager,Hardback,£20.00,,
Simon Kuper,Chums,Paperback,  £8.49,£9.99,In stock online
Michael Morpurgo,Michael…,Hardback,  £10.00,£20.00,In stock online
Victoria Aveyard,Fate Breaker,Hardback,£22.00,,Pre-order
Oscar Wilde,The Picture of…,Hardback,£16.99,,In stock online
IF - THE PUBLISHER,…,Bookmark,£2.99,,In stock online
Jenny Tschiesche,Air-Fryer…,Hardback,£16.99,,In stock online
Randall Munroe,What If?,Paperback,£10.99,,In stock online
Mick Herron,The Secret Hours,Hardback,  £11.00,£22.00,In stock online
Mary Shelley,Frankenstein,Hardback,£16.99,,In stock online
Katherine Rundell,Super-Infinite,Paperback,  £9.49,£10.99,In stock online
Jacqueline Harpman,I Who Have…,Paperback,£9.99,,In stock online
Museums And Gallerie,Marc…,Bookmark,£1.99,,In stock online
Toshikazu Kawaguchi,Before We Say…,Hardback,  £7.49,£14.99,In stock online
Museums And Gallerie,Marc…,Bookmark,£1.99,,In stock online
Amal El-Mohtar,This is How…,Paperback,£10.99,,In stock online
Hachette Board Games,Quoridor Classic,Game,£29.99,,In stock online
Bernie Taupin,Scattershot,Hardback,  £12.50,£25.00,In stock online
Sam McBratney,Guess How…,Board book,£7.99,,In stock online
Hype Associates,Mr Birthday…,Cards,£2.99,,In stock online
Susie Dent,Roots of…,Hardback,  £8.49,£16.99,In stock online
Alex Smart,Things To Do…,Paperback,£4.99,,
Tim Benson,Britain's Best…,Paperback,  £8.49,£16.99,In stock online
Brown Trout,2024 Yoga…,Calendar,  £5.49,£10.99,In stock online
Lauren Asher,Love Redesigned,Paperback,  £8.49,£9.99,In stock online
Robin Stevens,The Ministry…,Paperback,  £6.49,£7.99,In stock online
R.F. Kuang,Babel,Paperback,£9.99,,
Eckhart Tolle,The Power of…,Paperback,£12.99,,In stock online
Héctor García,Ikigai,Hardback,£14.99,,In stock online
Paul McCartney,The Lyrics,Paperback,  £17.99,£22.00,In stock online
Paul Johnson,Follow the…,Paperback,  £10.99,£12.99,In stock online
Gege Akutami,Jujutsu Kaisen 0,Paperback,£7.99,,In stock online
Peter Pauper Press,Beaded…,Bookmark,£3.99,,In stock online
Douglas Stuart,Shuggie Bain,Paperback,£9.99,,In stock online
Sathnam Sanghera,Empireworld,Hardback,  £17.99,£20.00,In stock online
Stephen Fry,Mythos,Paperback,£10.99,,In stock online
Eliza Clark,Boy Parts,Paperback,£9.99,,In stock online
Johann Hari,Stolen Focus,Paperback,  £8.99,£10.99,In stock online
Wine Box Co Ltd,Waterstones…,General merchandise,£7.99,,In stock online
The Soure Wholesale,Cyber Pet,Toy,£7.99,,In stock online
Mary Beard,Emperor of…,Hardback,£30.00,,
Alice Oseman,Heartstopper…,Paperback,  £10.99,£12.99,In stock online
Ray Bradbury,Fahrenheit 451,Paperback,£9.99,,In stock online
Jack Jordan,Do No Harm,Paperback,  £7.99,£9.99,In stock online
Anne Tyler,French Braid,Paperback,£9.99,,In stock online
V. E. Schwab,The Invisible…,Paperback,£9.99,,In stock online
Bram Stoker,Dracula,Hardback,£16.99,,In stock online
Fyodor Dostoyevsky,Crime and…,Paperback,£9.99,,In stock online
Agatha Christie,Hallowe'en Party,Paperback,  £8.49,£9.99,In stock online
Sophie Kinsella,The Burnout,Hardback,  £11.00,£22.00,In stock online
Inc Peter Pauper Press,Beaded…,Other merchandise,£3.99,,In stock online
Wine Box Co Ltd,Waterstones…,General merchandise,£7.99,,In stock online
Dav Pilkey,Dog Man 11:…,Hardback,  £6.49,£12.99,In stock online
Alice Oseman,Heartstopper…,Paperback,  £10.99,£12.99,In stock online
Olga Tokarczuk,Drive Your…,Paperback,£8.99,,In stock online
Lynn Painter,Betting on You,Paperback,  £7.49,£8.99,In stock online
Elly Griffiths,The Last…,Paperback,  £7.99,£9.99,In stock online
Kazuo Ishiguro,Klara and the…,Paperback,£9.99,,In stock online
Jeff Kinney,Diary Of A…,Paperback,£7.99,,In stock online
Lucy Score,Things We…,Paperback,  £7.99,£9.99,In stock online
Jane Harper,Exiles,Paperback,  £7.99,£9.99,In stock online
Mob,Mob 6: Tasty…,Hardback,  £11.00,£22.00,In stock online
Katherine Webber,Burning Crowns,Paperback,£8.99,,Pre-order
Cliff Richard,A Head Full of…,Hardback,  £12.50,£25.00,In stock online
Museums And Gallerie,Guess How…,Bookmark,£1.99,,In stock online
Museums And Gallerie,The Mad…,Bookmark,£1.99,,In stock online
Matt Lucas,The Boy Who…,Hardback,  £6.49,£12.99,In stock online
Alice Oseman,Heartstopper…,Paperback,  £10.99,£12.99,In stock online
Julia Armfield,Our Wives…,Paperback,£9.99,,In stock online
Siobhan McDermott,Paper…,Paperback,  £6.49,£7.99,In stock online
Anna Keay,The Restless…,Paperback,  £8.99,£10.99,In stock online
Sarah Moses,Tender is the…,Paperback,£9.99,,In stock online
The Secret Barrister,Nothing But…,Paperback,  £8.99,£10.99,In stock online
Hype Associates,Little Miss…,Cards,£2.99,,In stock online
Marcus Rashford,The Breakfast…,Paperback,  £5.49,£6.99,In stock online
Katie Kirby,The…,Paperback,£7.99,,In stock online
Bluey,Bluey:…,Paperback,£7.99,,In stock online
Zadie Smith,The Fraud,Hardback,£20.00,,In stock online
Michael Rosen,We're Going…,Board book,£7.99,,In stock online
Prof Steve Peters,The Chimp…,Paperback,£14.99,,In stock online
Thea Guanzon,The Hurricane…,Hardback,£18.99,,In stock online
Kalynn Bayron,The Vanquishers,Paperback,  £6.49,£7.99,In stock online
Douglas Adams,The…,Paperback,£9.99,,In stock online
Mark Manson,The Subtle Art…,Hardback,£18.99,,In stock online
Uni-Com (Global) Ltd,Keyring Torch,General merchandise,£2.99,,In stock online
Danielle Steel,Worthy…,Paperback,£8.99,,In stock online
Elsie Silver,Flawless,Paperback,£9.99,,In stock online
William Boyd,Any Human…,Paperback,£9.99,,In stock online
John Preston,Watford Forever,Hardback,  £11.00,£22.00,In stock online
Shelby Van Pelt,Remarkably…,Paperback,£8.99,,In stock online
Museums And Gallerie,The Owl…,Bookmark,£1.99,,In stock online
Merlin Sheldrake,Entangled Life,Paperback,£12.99,,In stock online
Nita Prose,The Maid,Paperback,  £7.49,£8.99,In stock online
Julia Donaldson,The Smeds…,Paperback,£7.99,,In stock online
Julia Donaldson,The Gruffalo,Paperback,£7.99,,In stock online
Nick Wallis,The Great Post…,Paperback,£13.99,,In stock online
Ranulph Fiennes,Lawrence of…,Hardback,  £12.50,£25.00,In stock online
Kayvion Lewis,Thieves' Gambit,Paperback,  £7.49,£8.99,In stock online
Sathnam Sanghera,Empireland,Paperback,£10.99,,In stock online
Dawn O’Porter,Cat Lady,Paperback,£9.99,,In stock online
Mark Billingham,The Last Dance,Paperback,  £8.49,£9.99,In stock online
Thomas Halliday,Otherlands,Paperback,  £9.49,£10.99,In stock online
Miye Lee,DallerGut…,Paperback,  £11.99,£14.99,In stock online
Alastair Campbell,But What Can…,Paperback,  £8.99,£10.99,In stock online
John Banville,The Lock-Up,Paperback,  £8.49,£9.99,In stock online
Keycraft,Super…,Toy,£2.99,,In stock online
Jamie Smart,Bunny vs…,Paperback,£9.99,,In stock online
Colleen Hoover,November 9,Paperback,  £7.49,£8.99,In stock online
Keycraft,Magnet Set,Toy,£6.99,,In stock online
Thea Guanzon,The Hurricane…,Hardback,£18.99,,
LEGO®,LEGO®…,Hardback,  £2.99,£9.99,In stock online
Harriet Muncaster,Isadora Moon…,Hardback,  £4.99,£9.99,In stock online
Adam Silvera,They Both Die…,Paperback,£8.99,,In stock online
Luna McNamara,Psyche and Eros,Paperback,  £8.49,£9.99,In stock online
Rachel Wells,That's not…,Board book,£12.99,,In stock online
Hannah Gold,Finding Bear,Hardback,  £6.49,£12.99,In stock online
Art Press,Peggy Card,Cards,£2.99,,In stock online
J. B. Priestley,An Inspector…,Hardback,£9.99,,In stock online
Tahereh Mafi,All This…,Hardback,£14.99,,
Museums And Gallerie,Birds Of Many…,Cards,£2.99,,In stock online
Clive Myrie,Everything is…,Hardback,  £11.00,£22.00,In stock online
Vladimir Nabokov,Lolita,Paperback,£9.99,,In stock online
Leigh Bardugo,Hell Bent,Paperback,  £8.49,£9.99,In stock online
Tom Crewe,The New Life,Paperback,  £8.49,£9.99,In stock online
Elle Kennedy,The Graham…,Paperback,  £8.49,£9.99,In stock online
Janice Hallett,The Appeal,Paperback,  £7.99,£9.99,In stock online
André Aciman,Call Me By…,Paperback,£9.99,,In stock online
Adalyn Grace,Belladonna,Paperback,  £8.49,£9.99,In stock online
Julie Smith,Why Has…,Hardback,  £14.99,£16.99,In stock online
Susanna Clarke,Piranesi,Paperback,£8.99,,In stock online
Michael Bond,Paddington,Board book,£7.99,,In stock online
Victor Jestin,Heatwave,Paperback,  £4.49,£8.99,In stock online
Keycraft,Glitter Water…,Toy,£3.99,,In stock online
Daphne du Maurier,Rebecca,Paperback,  £8.99,£9.99,In stock online
Bluey,Bluey:…,Paperback,£6.99,,In stock online
Ivy Press,Wordle…,Paperback,£7.99,,In stock online
Oscar Wilde,The Picture of…,Paperback,£7.99,,In stock online
Neil Gaiman,Coraline,Paperback,£7.99,,In stock online
James Nestor,Breath,Paperback,£10.99,,In stock online
Peter Pauper Press,Pooh Bookmark,Bookmark,£3.99,,In stock online
D.C.Thomson & Co Ltd,Oor Wullie &…,Hardback,  £2.99,£15.99,In stock online
Katherine Rundell,The Explorer,Paperback,£7.99,,In stock online
Kate Moore,How Did We…,Hardback,  £4.99,£9.99,In stock online
Elly Conway,Argylle,Hardback,  £15.99,£18.99,In stock online
Lauren Asher,The Fine Print,Paperback,£9.99,,In stock online
Mary Beard,SPQR,Paperback,£10.99,,In stock online
Museums And Gallerie,Marc…,Bookmark,£1.99,,In stock online
Gyles Brandreth,A History of…,Paperback,  £9.49,£10.99,In stock online
Nancy Birtwhistle,The Green…,Hardback,  £12.99,£14.99,In stock online
Museums And Galleries,Sumida River…,Cards,£2.99,,In stock online
Mustafa Suleyman,The Coming…,Hardback,  £20.99,£25.00,In stock online
Gege Akutami,Jujutsu Kaisen…,Paperback,£8.99,,
Antony Beevor,Russia,Paperback,  £9.49,£10.99,In stock online
Cormac McCarthy,Blood Meridian,Paperback,£10.99,,In stock online
Laurence King Publishing,World Of…,Game,£16.99,,In stock online
Cynthia Murphy,Signed Sealed…,Paperback,  £7.49,£8.99,In stock online
Museums And Gallerie,Hokusai Wave…,General merchandise,£3.50,,In stock online
Eiichiro Oda,One Piece…,Paperback,£13.99,,In stock online
Shamil Thakrar,Dishoom,Hardback,£26.00,,In stock online
Katherine May,Wintering,Paperback,£12.99,,In stock online
J. K. Rowling,The Christmas…,Paperback,£10.99,,In stock online
Philippa Perry,The Book You…,Paperback,£10.99,,In stock online
Jelly Arm Chair,Shakespeare…,Cards,£3.29,,In stock online
Rory Stewart,Politics On the…,Hardback,£22.00,,In stock online
Philip Norman,George Harrison,Hardback,  £12.50,£25.00,In stock online
John Boyne,All The…,Paperback,£8.99,,In stock online
Ocean Vuong,On Earth…,Paperback,£9.99,,In stock online
Cixin Liu,The…,Paperback,£9.99,,In stock online
Fiona Watt,Sticker Dolly…,Paperback,£7.99,,In stock online
Judith Kerr,Mog’s Christmas,Paperback,£7.99,,In stock online
D.C.Thomson & Co Ltd,Dandy Annual…,Hardback,£11.99,,Click & Collect only
Jelly Arm Chair,Cat Birthday…,Cards,£3.29,,In stock online
Judith Kerr,Mog the…,Paperback,£7.99,,In stock online
Julia Donaldson,Zog,Paperback,£7.99,,In stock online
Adania Shibli,Minor Detail,Paperback,£10.99,,In stock online
Rick Riordan,Percy Jackson…,Hardback,£16.99,,
Running Press,The Mini…,Multiple items,£5.99,,In stock online
Kevin Sinfield,The Extra Mile,Hardback,  £16.99,£20.00,In stock online
Julius Roberts,The Farm Table,Hardback,  £21.99,£27.00,In stock online
Merlin Sheldrake,Entangled Life…,Hardback,  £24.99,£30.00,In stock online
Miriam Margolyes,This Much is…,Paperback,  £8.99,£10.99,In stock online
Chronicle Books,My Neighbor…,Bookmark,£3.99,,In stock online
Asmodee UK,Dobble Harry…,Game,£15.99,,In stock online
Sabrina Ghayour,Flavour,Hardback,  £13.00,£26.00,In stock online
Peter James,Stop Them Dead,Hardback,  £11.00,£22.00,In stock online
Jennifer Saint,Elektra,Paperback,  £8.49,£9.99,In stock online
Gege Akutami,Jujutsu Kaisen…,Paperback,£8.99,,In stock online
The Soure Wholesale,Water…,Toy,£6.99,,In stock online
Pigment Productions,…,Cards,£2.59,,In stock online
Robert Greene,The Daily Laws,Paperback,  £9.49,£10.99,In stock online
Jessa Hastings,Magnolia…,Paperback,£12.99,,Pre-order
Allan Ahlberg,Each Peach…,Board book,£7.99,,In stock online
Benji Davies,The Great…,Paperback,  £6.49,£7.99,In stock online
Marvel Entertainment International Ltd,Where's Spidey?,Paperback,£6.99,,In stock online
Katy Brent,How to Kill…,Paperback,£8.99,,In stock online
Jessa Hastings,Magnolia Parks,Paperback,£8.99,,In stock online
Katherine Webber,Burning Crowns,Paperback,£8.99,,Pre-order
Oyinkan Braithwaite,"My Sister, the…",Paperback,£9.99,,In stock online
Beth Lincoln,The Swifts,Paperback,£7.99,,In stock online
Museums And Gallerie,Butterfly…,Cards,£2.99,,In stock online
Cavallini & Company,Celestial Cloth…,General merchandise,£19.99,,In stock online
J. D. Salinger,The Catcher in…,Paperback,£9.99,,In stock online
Danielle L. Jensen,A Fate Inked…,Hardback,£16.99,,Pre-order
John Crace,Depraved New…,Hardback,  £8.49,£16.99,In stock online
Rick Riordan,Percy Jackson…,Paperback,£8.99,,In stock online
SF Said,Tyger,Paperback,  £6.49,£7.99,In stock online
Agatha Christie,Autumn…,Hardback,  £7.49,£14.99,In stock online
Divine Chocolate,Divine Milk…,General merchandise,£2.99,,In stock online
J. K. Rowling,Harry Potter…,Paperback,£9.99,,In stock online
Hannah Nicole Maehrer,Assistant to…,Paperback,£8.99,,In stock online
Khaled Hosseini,A Thousand…,Paperback,£9.99,,In stock online
J. R. R. Tolkien,The Hobbit,Paperback,£8.99,,In stock online
Travis Baldree,Bookshops &…,Hardback,£18.99,,
Harper Lee,To Kill A…,Paperback,£9.99,,In stock online
Rachel Gillig,Two Twisted…,Paperback,£9.99,,In stock online
Julia Donaldson,Tabby McTat…,Board book,£6.99,,In stock online
J. K. Rowling,Harry Potter…,Paperback,£8.99,,In stock online
Ava Reid,A Study in…,Hardback,£16.99,,
Museums And Gallerie,Sunset Flight,Cards,£2.99,,In stock online
The Art File,Bd King Lion…,Cards,£2.59,,In stock online
Jamie Smart,Bunny vs…,Paperback,£9.99,,In stock online
Two Brothers Games Ltd,League of the…,Game,£34.99,,
Wine Box Co Ltd,Waterstones…,General merchandise,£7.99,,In stock online
Katie Kirby,The…,Paperback,£7.99,,In stock online
Elsie Silver,Hopeless,Paperback,£9.99,,In stock online
National Geographic Kids,Weird but true…,Hardback,£20.00,,In stock online
Bob Mortimer,Mortimer &…,Paperback,£9.99,,In stock online
Michael Rosen,We're Going…,Paperback,£7.99,,In stock online
Dav Pilkey,The…,Paperback,£9.99,,In stock online
Sarah Morgan,The Christmas…,Paperback,£8.99,,In stock online
Jeff Kinney,Diary of a…,Paperback,£7.99,,In stock online
Mieko Kawakami,All The…,Paperback,£9.99,,In stock online
Agatha Christie,And Then…,Paperback,£9.99,,In stock online
Marion Deuchars,Yoga for Stiff…,Hardback,  £5.00,£10.00,In stock online
Dad Says Jokes,Dad Jokes:…,Hardback,  £5.49,£10.99,In stock online
Robert T. Kiyosaki,Rich Dad Poor…,Paperback,£13.99,,In stock online
Douglas Stuart,Young Mungo,Paperback,  £8.49,£9.99,In stock online
A.F. Steadman,Skandar and…,Hardback,£14.99,,Pre-order
Karen M. McManus,One of Us is…,Hardback,  £7.49,£14.99,In stock online
Rex,Spy Glasses,Toy,£3.99,,In stock online
Denise Smart,Hamlyn All…,Paperback,£7.99,,In stock online
Phil Knight,Shoe Dog,Paperback,  £9.99,£10.99,In stock online
Stephen Chbosky,The Perks of…,Paperback,£8.99,,In stock online
Tom Holland,Pax,Hardback,  £23.99,£30.00,In stock online
IF - THE PUBLISHER,To Be…,General merchandise,£3.99,,In stock online
RAVENSBURGER,Lord Of The…,Game,£39.99,,In stock online
Half Moon Bay Ltd,Moomin Pin…,General merchandise,£3.99,,In stock online
Dale Carnegie,How to Win…,Paperback,£12.99,,In stock online
Alexandra Benedict,The Christmas…,Hardback,£14.99,,
Jeremy Clarkson,Diddly Squat:…,Paperback,£10.99,,In stock online
Holly Black,The Prisoner's…,Hardback,£16.99,,Pre-order
Rachel Renee Russell,Dork Diaries:…,Hardback,  £6.49,£12.99,In stock online
Alice Oseman,Solitaire,Hardback,£14.99,,In stock online
Bret Easton Ellis,The Shards,Paperback,  £9.49,£10.99,In stock online
Barbara Winton,One Life,Paperback,£10.99,,In stock online
Stanley Tucci,Taste,Paperback,  £8.99,£10.99,In stock online
Katherine Rundell,Rooftoppers,Paperback,£7.99,,In stock online
Sir John Tenniel,Alice's…,Hardback,£14.99,,In stock online
Homer,The Iliad,Hardback,£30.00,,In stock online
Timothy West,Pru and Me,Hardback,  £11.00,£22.00,In stock online
Clare Andrews,The Ultimate…,Hardback,  £10.00,£20.00,In stock online
Roald Dahl,Matilda,Paperback,£7.99,,In stock online
Lisa Jewell,Then She Was…,Paperback,£8.99,,In stock online
Andrew Hunter Murray,The Sanctuary,Paperback,  £7.99,£9.99,In stock online
Jamie Smart,Looshkin: Oof…,Paperback,  £8.49,£9.99,In stock online
Tom Fletcher,Space Band,Paperback,£7.99,,In stock online
Mick Herron,Dead Lions,Paperback,£9.99,,In stock online
Tatsuki Fujimoto,Chainsaw Man…,Paperback,£7.99,,In stock online
Thomas Williams,Lost Realms,Paperback,  £9.49,£10.99,In stock online
Chloe Walsh,Keeping 13,Paperback,£10.99,,In stock online
Zoulfa Katouh,As Long As…,Paperback,  £7.49,£8.99,In stock online
Hugh Johnson,Hugh Johnson…,Hardback,  £7.49,£14.99,In stock online
Philippa Gregory,Dawnlands,Paperback,  £7.99,£9.99,In stock online
Jeff Kinney,Diary of a…,Paperback,£7.99,,In stock online
Julia Donaldson,The Highway…,Paperback,£7.99,,In stock online
Peter Pauper Press,Beaded…,Bookmark,£3.99,,In stock online
Kate Atkinson,Normal Rules…,Hardback,£18.99,,In stock online
Benjamin Stevenson,Everyone In…,Paperback,£9.99,,In stock online
Tatsuya Endo,Spy x Family…,Paperback,£8.99,,In stock online
Raymond Briggs,The Snowman:…,Paperback,£7.99,,In stock online
Theresa May,The Abuse of…,Hardback,  £12.50,£25.00,In stock online
Lynley Dodd,Hairy Maclary…,Board book,£7.99,,In stock online
Michael Bond,Paddington,Paperback,£7.99,,In stock online
Sarah J. Maas,The Assassin's…,Paperback,£8.99,,In stock online
Lee Child,Killing Floor,Paperback,£9.99,,In stock online
Ann Cleeves,The Rising Tide,Paperback,£9.99,,In stock online
Stephen King,The Shining,Paperback,£10.99,,In stock online
Woodmansterne,Stay Calm…,Cards,£2.99,,In stock online
Dav Pilkey,Cat Kid Comic…,Paperback,  £7.49,£8.99,In stock online
Freida McFadden,The…,Paperback,£9.99,,In stock online
Louie Stowell,Loki: A Bad…,Paperback,  £6.49,£7.99,In stock online
Val McDermid,Past Lying,Hardback,  £11.00,£22.00,In stock online
Andy Griffiths,The…,Paperback,  £6.49,£7.99,In stock online
Cavallini & Company,Wildflower…,General merchandise,£19.99,,In stock online
Matt Brandon,Planet Earth III,Hardback,  £15.00,£30.00,In stock online
Jennifer Lynn Barnes,The…,Paperback,£8.99,,In stock online
Aldous Huxley,Brave New…,Paperback,£9.99,,In stock online
James Patterson,House of Wolves,Paperback,£8.99,,In stock online
Natasha Hastings,The…,Paperback,  £6.49,£7.99,In stock online
Rupert Bear,The Rupert…,Hardback,£10.99,,In stock online
Axel Scheffler,Can You Find…,Board book,£7.99,,In stock online
Simon Scarrow,Rebellion,Hardback,  £11.00,£22.00,In stock online
Louisa May Alcott,Little Women,Paperback,£8.99,,In stock online
Canns Down Press,Magnolia Tree,Cards,£3.29,,In stock online
Jodi Picoult,Mad Honey,Paperback,£9.99,,In stock online
The Art File,Happy…,Cards,£2.99,,In stock online
Yotam Ottolenghi,Ottolenghi…,Hardback,£30.00,,In stock online
Canns Down Press,Migration,Cards,£3.29,,In stock online
Rob Wilkins,Terry…,Paperback,  £9.49,£10.99,In stock online
Professor Puzzle,Chess,Game,£13.99,,In stock online
Julia Donaldson,Tiddler,Paperback,£7.99,,In stock online
Tatsuki Fujimoto,Chainsaw Man…,Paperback,£8.99,,In stock online
Jelly Arm Chair,Cheese…,Cards,£3.29,,In stock online
IF - THE PUBLISHER,Curled Up…,Bookmark,£4.99,,In stock online
Ha-Joon Chang,Edible…,Paperback,  £9.49,£10.99,In stock online
Koyoharu Gotouge,Demon Slayer:…,Paperback,£8.99,,In stock online
Donna Tartt,The Goldfinch,Paperback,£12.99,,In stock online
Wine Box Co Ltd,Waterstones…,General merchandise,£7.99,,In stock online
Alice Roberts,Buried,Paperback,  £8.49,£9.99,In stock online
Julia Donaldson,The Oak Tree,Hardback,£12.99,,In stock online
Russell Norman,Brutto,Hardback,  £28.99,£32.00,In stock online
Nita Prose,The Mystery…,Hardback,£16.99,,In stock online
Amber Smith,The Way I…,Paperback,  £7.49,£8.99,In stock online
Guenther Steiner,Surviving to…,Hardback,  £14.99,£20.00,In stock online
Emily Bronte,Wuthering…,Hardback,£16.99,,In stock online
Alice Oseman,Nick and Charlie,Paperback,£8.99,,In stock online
Katy Hessel,The Story of…,Hardback,£30.00,,In stock online
Geddy Lee,My Effin' Life,Hardback,  £15.00,£30.00,In stock online
Lisa Jewell,The Family…,Paperback,£9.99,,In stock online
Ann Patchett,Tom Lake,Hardback,  £15.99,£18.99,In stock online
Rory Stewart,The Places In…,Paperback,£10.99,,In stock online
Neil Gaiman,Norse…,Paperback,£9.99,,In stock online
Art Press,Shooting Star…,Cards,£3.29,,In stock online
David McCloskey,Moscow X,Hardback,  £15.99,£18.99,In stock online
James Dashner,The Maze…,Paperback,£8.99,,In stock online
ESDEVIUM GAMES LTD,Exploding…,Game,£19.99,,In stock online
John Adams Leisure L,Rubik's Cube,Game,£13.99,,In stock online
Jill Tomlinson,The Owl Who…,Paperback,£6.99,,In stock online
Pigment Productions,Age is…,Cards,£2.59,,In stock online
Becka Mack,Consider Me,Paperback,£8.99,,In stock online
Sarah J. Maas,Crown of…,Paperback,£9.99,,In stock online
Legami,Llama…,General merchandise,£1.99,,In stock online
Nadiya Hussain,Nadiya’s…,Hardback,£26.00,,In stock online
Paul Whitehouse,How We Fish,Hardback,  £11.00,£22.00,In stock online
Sarina Wiegman,What it Takes,Hardback,£22.00,,
Asmodee,"Taco, Cat…",Game,£11.99,,
L.J. Shen,My Dark Romeo,Paperback,£9.99,,In stock online
The Art File,Constellations…,General merchandise,£3.99,,In stock online
James Holland,The Savage…,Hardback,  £12.50,£25.00,In stock online
Jill Murphy,The Worst Witch,Paperback,£7.99,,In stock online
Peter Pauper Press,Branches On…,Bookmark,£4.99,,In stock online
Annabel Streets,52 Ways to Walk,Paperback,  £9.49,£10.99,In stock online
Matthew Green,Shadowlands,Paperback,  £8.99,£10.99,In stock online
Tsugumi Ohba,Death Note…,Paperback,£10.99,,In stock online
Andy Weir,Project Hail…,Paperback,£9.99,,In stock online
Holly Black,The Cruel Prince,Hardback,£30.00,,
Isabel Ibañez,What the…,Hardback,£18.99,,In stock online
University Games,3-D Planets In…,Toy,£5.99,,In stock online
Natasha Lunn,Conversations…,Paperback,£10.99,,In stock online
Natalie Haynes,Divine Might,Hardback,  £10.00,£20.00,In stock online
Susan Dennard,The Hunting…,Paperback,£8.99,,
Ana Huang,King of Pride,Paperback,£9.99,,In stock online
James Baldwin,Giovanni's Room,Paperback,£9.99,,In stock online
Jane Dunn,Jane’s…,Hardback,  £11.00,£22.00,In stock online
J. K. Rowling,Harry Potter…,Hardback,£40.00,,In stock online
Pigment Productions,What The Cluck,Cards,£2.59,,In stock online
Jacqueline Wilson,The Best…,Hardback,  £7.49,£14.99,In stock online
Robert Galbraith,The Cuckoo's…,Paperback,£10.99,,In stock online
The Source Whole,6 In 1 Multi…,Other merchandise,£9.99,,In stock online
Gill Hornby,Godmersham…,Paperback,  £8.49,£9.99,In stock online
Franz Kafka,Metamorphosis,Hardback,£9.99,,In stock online
Jeff Kinney,Diary of a…,Paperback,£7.99,,In stock online
Chloe Savage,The Search for…,Paperback,  £6.49,£7.99,In stock online
J. K. Rowling,Harry Potter…,Paperback,£8.99,,In stock online
Alex Michaelides,The Maidens,Paperback,  £4.99,£9.99,In stock online
Canns Down Press,Beach Near…,Cards,£3.29,,In stock online
Gift Republic,Palm Reading…,General merchandise,£4.99,,In stock online
Onjali Q. Raúf,The Boy At…,Paperback,£7.99,,In stock online
Flame Tree Studio,Embossed…,Notebook / blank book,£10.99,,In stock online
bell hooks,All About Love,Paperback,£10.99,,In stock online
Walt Disney,Disney…,Paperback,£4.99,,In stock online
WILD CARD GAMES,Mapominoes…,Game,£9.99,,In stock online
Carl Giles,Giles 2024,Paperback,£14.99,,In stock online
The Art File,Bees Gift Bag…,General merchandise,£3.99,,In stock online
Roberto Firmino,SI SENOR,Hardback,£22.00,,
Jamie Smart,Bunny vs…,Paperback,  £7.99,£9.99,In stock online
Julia Donaldson,Superworm,Paperback,£7.99,,In stock online
Ilan Pappe,The Ethnic…,Paperback,£12.99,,In stock online
Wine Box Co Ltd,Waterstones…,General merchandise,£14.99,,In stock online
Noah Baumbach,Barbie,Paperback,£14.99,,In stock online
Elodie Harper,The Temple of…,Hardback,  £8.49,£16.99,In stock online
Charles Dickens,A Christmas…,Hardback,£16.99,,In stock online
Dr Maggie Aderin-Pocock,The Sky at…,Paperback,£16.99,,In stock online
Alice Oseman,Solitaire,Paperback,£9.99,,In stock online
J. K. Rowling,Harry Potter…,Paperback,£8.99,,In stock online
Stephanie Garber,Legendary,Paperback,£9.99,,In stock online
Museums And Gallerie,Hokusai Wave…,General merchandise,£4.50,,In stock online
Wine Box Co Ltd,I Love Books…,General merchandise,£4.99,,In stock online
Keri Smith,Wreck This…,Paperback,£10.99,,In stock online
History Hit,The History…,Hardback,  £8.49,£16.99,In stock online
Pigment Productions,Pheasant…,Cards,£2.59,,In stock online
Khaled Hosseini,The Kite Runner,Paperback,£9.99,,In stock online
Cat Bohannon,Eve,Hardback,  £21.99,£25.00,In stock online
Jon McGregor,Lean Fall Stand,Paperback,  £4.49,£8.99,In stock online
Ali Hazelwood,Love…,Paperback,  £8.49,£9.99,In stock online
Jenny Han,We'll Always…,Paperback,£8.99,,In stock online
Matthew Walker,Why We Sleep,Paperback,£10.99,,In stock online
Heather Darwent,The Things…,Paperback,£9.99,,In stock online
George Orwell,Animal Farm,Paperback,£7.99,,In stock online
Alison Maloney,Official…,Hardback,£14.99,,
Denzil Meyrick,Murder at…,Hardback,  £8.49,£16.99,In stock online
Clement C. Moore,The Night…,Multiple items,£7.99,,In stock online
Nicholas Utechin,The World of…,Jigsaw,£16.99,,In stock online
Oliver Burkeman,Four Thousand…,Paperback,£10.99,,In stock online
Anthony Horowitz,Nightshade…,Hardback,  £7.49,£14.99,In stock online
Val McDermid,1989,Paperback,£9.99,,In stock online
Olivie Blake,The Atlas…,Hardback,£22.00,,In stock online
Shirley Jackson,The Haunting…,Paperback,£9.99,,In stock online
Lisa Jewell,None Of This…,Hardback,£20.00,,
A.F. Steadman,Skandar and…,Paperback,  £3.99,£7.99,In stock online
Museums And Gallerie,Wild Garden…,Cards,£3.29,,In stock online
Meagan Brandy,Say You Swear,Paperback,£9.99,,In stock online
Kaleb Cooper,Britain…,Hardback,  £10.00,£20.00,In stock online
Aurora,STICKMAN…,Soft toy,£14.99,,In stock online
Museums And Gallerie,Almond…,Cards,£3.29,,In stock online
Claire Douglas,The Woman…,Paperback,£9.99,,In stock online
Shirley Ballas,Murder on the…,Hardback,  £9.49,£18.99,In stock online
Rachel Greenlaw,Compass and…,Hardback,£14.99,,Pre-order
Scott Cawthon,Into the Pit…,Paperback,£8.99,,In stock online
Allan Ahlberg,The Jolly…,Hardback,£12.99,,In stock online
Aidan Onn,Poo Bingo,Game,£18.99,,In stock online
Gift Republic,Yoga Poses…,General merchandise,£4.99,,In stock online
Legami,Teddy's Mood…,General merchandise,£3.99,,In stock online
Museums And Gallerie,Kimono…,Cards,£2.99,,In stock online
Brandon Sanderson,Yumi and the…,Hardback,£22.00,,
Louisa May Alcott,Little Women,Hardback,£11.99,,In stock online
Damien Lewis,SAS Forged in…,Hardback,  £18.99,£22.00,In stock online
Wine Box Co Ltd,Waterstones…,General merchandise,£14.99,,In stock online
Jay Kristoff,Empire of the…,Paperback,  £8.49,£9.99,In stock online
Ordnance Survey,The Ordnance…,Paperback,£16.99,,In stock online
Ravena Guron,Catch Your…,Paperback,  £7.49,£8.99,In stock online
Orlando Figes,The Story of…,Paperback,  £9.49,£10.99,In stock online
Half Moon Bay,Harry Potter…,General merchandise,£3.99,,In stock online
Patrick Rothfuss,The Narrow…,Hardback,£18.99,,
Dr Karan Rajan,This Book…,Hardback,  £13.99,£18.99,In stock online
Michael Caine,Deadly Game,Hardback,  £10.00,£20.00,In stock online
Jennifer Saint,Hera,Hardback,£20.00,,Pre-order
George Orwell,Nineteen…,Hardback,£16.99,,In stock online
Rizzoli Universe,Cats & Books…,Calendar,  £5.99,£11.99,In stock online
Marian Keyes,"Again, Rachel",Paperback,  £7.99,£9.99,In stock online
LEGO®,LEGO® Harry…,Hardback,£9.99,,
J. K. Rowling,Harry Potter…,Paperback,£8.99,,In stock online
Jeff Kinney,Diary of a…,Paperback,£7.99,,In stock online
Jane Austen,Pride and…,Paperback,£5.99,,In stock online
Adam Kay,This is Going…,Paperback,£9.99,,In stock online
Chronicle Books,Spirited Away…,Bookmark,£3.99,,In stock online
Matthew McConaughey,Greenlights,Paperback,  £8.49,£9.99,In stock online
Allan Ahlberg,Funnybones,Paperback,£7.99,,In stock online
Ann Cleeves,The Raging…,Hardback,  £11.00,£22.00,In stock online
The Art File,Birds Over…,Cards,£2.99,,In stock online
Frank Herbert,Dune Messiah,Hardback,£22.00,,
Pierce Brown,Red Rising,Paperback,£9.99,,In stock online
Max Hastings,Abyss,Paperback,  £9.49,£10.99,In stock online
Keycraft,Bubble…,Toy,£4.99,,In stock online
Gift Republic,Fortune…,General merchandise,£4.99,,In stock online
Rose Tremain,Absolutely…,Hardback,  £8.49,£16.99,In stock online
Natural History Museum,Natural…,Hardback,£9.99,,In stock online
Woodmansterne,Will It Bounce…,Cards,£2.99,,In stock online
Sathnam Sanghera,Empireworld,Hardback,£20.00,,In stock online
Martha Mumford,We're Going…,Board book,£7.99,,In stock online
Cavallini & Company,Books Tote Bag,General merchandise,£19.99,,In stock online
Madeline Miller,The Song of…,Hardback,£20.00,,In stock online
Ali Hazelwood,The Love…,Paperback,£9.99,,In stock online
Woodmansterne,Quentin New…,Cards,£2.59,,In stock online
Albert Camus,The Outsider,Paperback,£8.99,,In stock online
Neal Shusterman,Scythe,Paperback,£8.99,,In stock online
Brandon Sanderson,Mistborn,Paperback,£10.99,,In stock online
James Galt Ltd,Water Magic…,General merchandise,£6.99,,In stock online
Rick Riordan,The Sun and…,Hardback,  £8.49,£16.99,
Carat Shop,Harry Potter…,Bookmark,£5.99,,In stock online
Woodmansterne,Quentin Blake…,Cards,£2.99,,In stock online
Holly Jackson,Kill Joy,Paperback,£7.99,,In stock online
Paterson Joseph,The Secret…,Paperback,  £8.49,£9.99,In stock online
Jamie Smart,Bunny vs…,Paperback,£9.99,,In stock online
E. B. White,Charlotte's Web,Paperback,£7.99,,In stock online
The Art File,Sunflowers &…,Cards,£2.99,,In stock online
Ohh Deer,Exclusive…,Notebook / blank book,£16.99,,In stock online
James Barr,A Line in the…,Paperback,£10.99,,In stock online
Naomi Klein,Doppelganger,Hardback,  £12.50,£25.00,In stock online
Gareth Moore,The…,Paperback,£9.99,,In stock online
David Baldacci,The Edge,Hardback,£22.00,,In stock online
Robin Hobb,Assassin’s…,Paperback,£9.99,,In stock online
Michael Greger,How Not to Age,Hardback,  £18.99,£22.00,In stock online
Hugh Howey,Wool,Paperback,  £8.49,£9.99,In stock online
James Stewart,Dinosaur…,Hardback,  £5.49,£10.99,In stock online
Bee Wilson,The Secret of…,Hardback,  £22.99,£28.00,In stock online
Richard Coles,A Death in the…,Hardback,  £9.49,£18.99,In stock online
That company called IF,Really Tiny…,General merchandise,£6.99,,In stock online
Pat Barker,The Silence of…,Paperback,£9.99,,In stock online
Brigit Esselmont,Everyday…,Multiple items,£9.99,,In stock online
Adrian Tchaikovsky,Children of Time,Paperback,£10.99,,In stock online
Louise Mulgrew Ltd,Hap-Pea…,Cards,£3.29,,In stock online
House of Marbles,Monkey Drum,Toy,£6.99,,In stock online
Sally Rooney,Beautiful…,Paperback,£9.99,,In stock online
Adrian Tchaikovsky,City of Last…,Paperback,  £8.49,£9.99,In stock online
Museums And Gallerie,Octopus…,Cards,£2.99,,In stock online
Ilka Heinemann,101 Things To…,Paperback,£7.99,,In stock online
The Art File,Bees Gift Bag…,General merchandise,£4.50,,In stock online
Fiona Watt,Step-by-step…,Paperback,  £6.99,£7.99,In stock online
Gift Republic,How To Speak…,General merchandise,£6.99,,
Sophie Anderson,The Snow Girl,Hardback,£12.99,,In stock online
Jellycat,Amuseable…,Soft toy,£14.99,,In stock online
Jamie Smart,Looshkin: The…,Paperback,£9.99,,In stock online
Ben Miller,Adventures of…,Hardback,  £4.99,£9.99,In stock online
George R.R. Martin,A Game of…,Paperback,£9.99,,In stock online
Harlan Coben,Fool Me Once,Paperback,£8.99,,In stock online
Lee Child,The Secret,Hardback,£22.00,,
Ava Reid,A Study in…,Hardback,  £14.99,£16.99,In stock online
Gillian Flynn,Gone Girl,Paperback,£9.99,,In stock online
Art Press,Dog Painting…,Cards,£2.99,,In stock online
Amber Smith,The Way I Am…,Paperback,  £7.49,£8.99,In stock online
Archivist Limited,Birthday Cat…,Cards,£3.29,,In stock online
Julia Donaldson,Room on the…,Paperback,£7.99,,In stock online
Erin Morgenstern,The Night Circus,Paperback,£9.99,,In stock online
Stephanie Garber,Spectacular,Hardback,£16.99,,
Bernard Cornwell,Sharpe's…,Hardback,  £11.00,£22.00,In stock online
J. R. R. Tolkien,The…,Paperback,£9.99,,In stock online
The Art File,Happy…,Cards,£2.99,,In stock online
Marcus du Sautoy,Around the…,Hardback,  £19.00,£22.00,In stock online
William Golding,Lord of the Flies,Paperback,£9.99,,In stock online
Edward Chisholm,A Waiter in Paris,Paperback,£10.99,,In stock online
Kazuo Ishiguro,The Remains…,Paperback,£9.99,,In stock online
Jessica Courtney-Tickle,The Story…,Hardback,£16.99,,
Julia Donaldson,The Gruffalo's…,Paperback,£7.99,,In stock online
Patti Smith,Just Kids,Paperback,£12.99,,In stock online
Julia Donaldson,Monkey Puzzle,Paperback,£7.99,,In stock online
Katy Watson,The Three…,Paperback,  £7.99,£9.99,In stock online
Michael Ball,Different…,Hardback,  £12.50,£25.00,In stock online
Patricia Schultz,"1,000 Places…",Calendar,  £11.19,£13.99,In stock online
Nora Ephron,Heartburn,Paperback,£9.99,,In stock online
Seishu Hase,The Boy and…,Paperback,  £8.49,£9.99,In stock online
Kathryn Foxfield,Getting Away…,Paperback,  £7.49,£8.99,In stock online
Brigid Kemmerer,Destroy the Day,Paperback,  £7.49,£8.99,In stock online
Sophie Gravia,Meet Me in…,Paperback,£8.99,,In stock online
The Art File,Beach &…,Cards,£2.99,,In stock online
Peter Pauper Press,Shoot For The…,Bookmark,£4.99,,In stock online
Museums And Galleries,Hokusai 3M…,General merchandise,£4.99,,In stock online
Emily Henry,Book Lovers,Paperback,£8.99,,In stock online
Linwood Barclay,The Lie Maker,Paperback,  £8.49,£9.99,In stock online
Fiona Watt,Sticker Dolly…,Paperback,£7.99,,In stock online
Katie Fforde,One…,Paperback,£8.99,,In stock online
Milan Kundera,The…,Paperback,£9.99,,In stock online
David Goggins,Can't Hurt Me,Paperback,£19.99,,In stock online
F. Scott Fitzgerald,The Great…,Paperback,£7.99,,In stock online
Trinny Woodall,Fearless,Hardback,  £13.00,£26.00,In stock online
Abacus,No Such…,Cards,£2.99,,In stock online
Alex Aster,Nightbane,Hardback,£12.99,,In stock online
Sarah J. Maas,Heir of Fire,Paperback,£9.99,,In stock online
Dav Pilkey,Dog Man 4:…,Paperback,£9.99,,In stock online
Stephenie Meyer,Twilight,Paperback,£9.99,,In stock online
Dav Pilkey,Dog Man 5:…,Paperback,£9.99,,In stock online
Insight Editions,Self-Care,Paperback,£12.99,,In stock online
Gift Republic,How To Speak…,General merchandise,£6.99,,
Dav Pilkey,Dog Man 9:…,Paperback,£9.99,,In stock online
A.B. Poranek,Where the…,Hardback,£14.99,,
Hannah Ritchie,Not the End of…,Hardback,  £18.99,£22.00,In stock online
Julia Donaldson,Zog and the…,Paperback,£7.99,,In stock online
Flame Tree Studio,Bodleian…,Notebook / blank book,£5.99,,In stock online
Dav Pilkey,Dog Man:A…,Paperback,£9.99,,In stock online
IF - THE PUBLISHER,Magnif-I…,General merchandise,£3.99,,In stock online
Kate Rolfe,Wolf and Bear,Paperback,  £6.49,£7.99,In stock online
Julia Donaldson,The Ugly Five,Paperback,£7.99,,In stock online
Coiled Spring,The Mind…,Game,£9.99,,In stock online
David McKee,Elmer,Board book,£6.99,,In stock online
Thames And Kosmos,My Discovery…,Other merchandise,£18.99,,In stock online
Elsie Silver,Reckless,Paperback,£9.99,,In stock online
Cavallini & Company,Tarot Cloth Bag,General merchandise,£19.99,,In stock online
Robert Thorogood,The Queen of…,Hardback,  £12.99,£16.99,In stock online
Pyramid,The Cocktail…,Paperback,£10.00,,In stock online
Keycraft,Small Dino…,Toy,£4.99,,In stock online
Stanley Tucci,The Tucci Table,Hardback,  £13.00,£26.00,In stock online
Asmodee UK,Codenames,Game,£19.99,,In stock online
Leigh Bardugo,Ninth House,Paperback,£9.99,,In stock online
Bluey,Bluey:…,Paperback,£6.99,,In stock online
Terry Pratchett,A Stroke of…,Hardback,£20.00,,
Sally Rooney,Conversations…,Paperback,£9.99,,In stock online
Archivist Limited,Fern Card,Cards,£2.59,,In stock online
Heidi Perks,The Last Resort,Paperback,£8.99,,In stock online
John Gwynne,The Shadow…,Paperback,£9.99,,In stock online
Elena Armas,The Long Game,Paperback,  £7.99,£9.99,In stock online
Rachel Renee Russell,Dork Diaries,Paperback,£7.99,,In stock online
Daniel Finkelstein,"Hitler, Stalin…",Hardback,  £20.99,£25.00,In stock online
Paul Harding,This Other Eden,Hardback,  £8.49,£16.99,In stock online
Lauren Muñoz,Suddenly A…,Paperback,  £7.49,£8.99,In stock online
Roald Dahl,The Twits,Paperback,£7.99,,In stock online
Flame Tree Studio,Bodleian…,Notebook / blank book,£10.99,,In stock online
Olivie Blake,Masters of Death,Hardback,£20.00,,In stock online
Kes Gray,Oi Frog!,Paperback,£6.99,,In stock online
Shakirah Bourne,Being an Ally,Paperback,£1.00,,Click & Collect only
Camilla Reid,Peekaboo Santa,Board book,£7.99,,In stock online
Olivie Blake,Masters of Death,Hardback,£20.00,,
Hilary Mantel,Wolf Hall,Paperback,£9.99,,In stock online
Kerri Maniscalco,Throne of the…,Hardback,  £16.99,£18.99,In stock online
Ros Atkins,The Art of…,Hardback,  £16.99,£20.00,In stock online
Gift Republic,Be Happy…,General merchandise,£4.99,,In stock online
Jennifer Saint,Ariadne,Paperback,£9.99,,In stock online
Keycraft,Large Fantasy…,Game,£6.99,,In stock online
The Art File,Bear And…,Cards,£2.99,,In stock online
David Walliams,Robodog,Hardback,  £7.49,£14.99,In stock online
Noam Chomsky,On Palestine,Paperback,£8.99,,In stock online
Jennifer Lynn Barnes,The Final…,Paperback,£8.99,,In stock online
Mac Barnett,How Does…,Hardback,£12.99,,In stock online
Julian Gough,Rabbit and…,Paperback,£6.99,,In stock online
Robert Jordan,The Eye Of…,Paperback,£9.99,,In stock online
Colleen Hoover,Reminders of…,Paperback,£8.99,,In stock online
Dolly Alderton,Good Material,Hardback,£18.99,,
Jenny Han,The Summer I…,Paperback,£8.99,,In stock online
Alex Michaelides,The Fury,Hardback,  £9.49,£18.99,
Charles Beaumont,A Spy Alone,Paperback,£9.99,,In stock online
Brandon Sanderson,Yumi and the…,Hardback,£22.00,,In stock online
Jarvis Cocker,Good Pop…,Paperback,£12.99,,In stock online
DK,The Complete…,Paperback,£16.99,,In stock online
Woodmansterne,Puked In The…,Cards,£2.99,,In stock online
The Art File,Ned Was…,Cards,£2.59,,In stock online
Bob Ross,Bob Ross: A…,Calendar,  £6.99,£13.99,In stock online
Gibson Hanson Graphics,Grand Central…,Cards,£2.99,,In stock online
Nancy Birtwhistle,Clean & Green,Paperback,£10.99,,In stock online
Rob Burrow,With You…,Hardback,£10.00,,
Kiran Millwood Hargrave,The Girl of…,Paperback,£7.99,,In stock online
IF - THE PUBLISHER,Curled Up…,Bookmark,£4.99,,In stock online
Rupi Kaur,Milk and Honey,Paperback,£9.99,,In stock online
Fizz Creations Ltd,Make Your…,Kit,£6.99,,In stock online
Museums And Gallerie,Paddington…,General merchandise,£4.50,,In stock online
Ali Hazelwood,Bride,Paperback,  £8.49,£9.99,Pre-order
Stephanie Garber,Finale,Paperback,£9.99,,In stock online
Julia Donaldson,The Gruffalo's…,Board book,£7.99,,In stock online
Louie Stowell,Loki: A Bad…,Paperback,  £6.49,£7.99,In stock online
Millie Bobby Brown,Nineteen Steps,Hardback,£16.99,,In stock online
House of Marbles,Butterfly Kite,Toy,£5.99,,In stock online
Museums And Gallerie,Sunflower,Cards,£2.99,,In stock online
Dan Schreiber,The Theory of…,Paperback,  £8.49,£9.99,In stock online
Peter Frankopan,The Earth…,Hardback,£30.00,,In stock online
Jenny Han,It's Not…,Paperback,£8.99,,In stock online
Fyodor Dostoyevsky,The Brothers…,Paperback,£9.99,,In stock online
Gift Republic,Astrology Cards,General merchandise,£4.99,,In stock online
R. J. Palacio,Wonder,Paperback,£7.99,,In stock online
Abacus,Important…,Cards,£2.99,,In stock online
Peter Godfrey-Smith,Other Minds,Paperback,£9.99,,In stock online
Lindt Ltd,Lindor…,General merchandise,  £1.99,£2.99,
Elsie Silver,Heartless,Paperback,£9.99,,In stock online
Sarah J. Maas,House of…,Hardback,£22.00,,In stock online
Natalie Haynes,Divine Might,Hardback,£20.00,,
Hanya Yanagihara,To Paradise,Paperback,  £8.99,£10.99,In stock online
Hiro Arikawa,The Travelling…,Paperback,£9.99,,In stock online
Natural History Museum,Dinosaur…,Toy,£8.99,,In stock online
Soman Chainani,The School for…,Paperback,£7.99,,In stock online
The Art File,Happy…,Cards,£2.99,,In stock online
Johnny Marr,Marr's Guitars,Hardback,£45.00,,In stock online
Rainbow Designs,Classic…,Soft toy,£11.99,,In stock online
Douglas Stuart,Young Mungo,Paperback,  £8.49,£9.99,In stock online
B P Walter,Notes on a…,Paperback,  £7.99,£9.99,In stock online
Michael Howe,Terrible Maps,Hardback,£14.99,,In stock online
Ian Moore,Death and…,Paperback,£8.99,,In stock online
Emily Henry,Funny Story,Hardback,£18.99,,Pre-order
Lu Fraser,The Littlest…,Paperback,  £6.49,£7.99,In stock online
Elle Kennedy,The Deal,Paperback,£9.99,,In stock online
Celia Fremlin,The Long…,Paperback,£9.99,,In stock online
Alex Gray,Questions for…,Paperback,£8.99,,In stock online
Scarlett St. Clair,A Touch of…,Paperback,£8.99,,In stock online
Scholastic,Pokemon:…,Paperback,£12.99,,In stock online
Marcus Rashford,The Breakfast…,Paperback,£7.99,,In stock online
D.C.Thomson & Co Ltd,The…,Hardback,  £2.99,£11.99,In stock online
Maggie O'Farrell,The Marriage…,Paperback,£9.99,,
Sebastian Faulks,The Seventh Son,Hardback,  £11.00,£22.00,In stock online
Janice Hallett,The Christmas…,Hardback,£12.99,,
Poet & Painter,Happy…,Cards,£3.29,,In stock online
Peter Pauper Press,Beaded…,Bookmark,£3.99,,In stock online
Karen M. McManus,One Of Us Is…,Paperback,£8.99,,In stock online
Sue Lynn Tan,Heart of the…,Paperback,  £8.49,£9.99,In stock online
The Art File,…,Cards,£2.59,,In stock online
John Boyne,Water,Hardback,£12.99,,In stock online
Mick Herron,Real Tigers,Paperback,£9.99,,In stock online
Cassandra Clare,Sword Catcher,Hardback,£22.00,,
Donna Leon,So Shall You…,Paperback,  £8.49,£9.99,In stock online
